talks,1
cannabis,1
ptsd,1
district&#39;s,1
smartphone,1
alcoholics,1
finger-biting,1
dip,1
withheld,1
warns,1
sign,1
governor,1
peninsula,1
access,1
(39),1
survivor,1
military,1
missing,1
york,1
named,1
app,1
doomed,1
suicides,1
sell-out,1
remains,1
counties,1
veterans,1
mall,1
hutchinson,1
painkiller,1
slim,1
veggies,1
recovery,1
feature,1
stock,1
southern,1
johnson,1
disease?,1
nod,1
37th,1
pre-term,1
clearance!,1
deltona,1
abnormal,1
shames,1
kelly&#39;s,1
aboard,1
outbreaks,1
gunshot,1
reaches,1
walkthrough,1
scant,1
zogenix,1
10,1
anti-overdose,1
expo,1
fighting,1
recover,1
consequence?,1
animation,1
korean,1
combat,1
cracking,1
damage,1
1-massachusetts,1
inc.,1
pharma,1
nevada,1
giant,1
wearing,1
overall,1
shaves,1
14,1
wellness,1
miles,1
yes,1
un,1
gym,1
26,1
downgraded,1
(idra),1
prescription,1
cancer-fighting,1
unintended,1
high-volume,1
secret,1
life-and-death,1
preteens,1
budgets,1
frozen,1
cvd,1
employees,1
halt,1
doctor,1
kim,1
sisters,1
mentally,1
center,1
49,1
edge,1
cardiac,1
fda-approved,1
also,1
tutu,1
saves,1
spread&#39;,1
layoffs,1
$5000,1
massachusetts&#39;,1
accelerate,1
ore.,1
slash,1
lipid,1
host,1
pipeline,1
overweight?,1
assault,1
magazine,1
medicare,1
intervention,1
riskier,1
pharmaceuticals,1
war,1
overjoyed,1
preparations,1
tolerated,1
&#39;epidemic&#39;,1
screens,1
&#39;may,1
one-third,1
setting,1
jong,1
e-cigarettes,1
nw,1
illegally,1
kansas,1
replace,1
friends,1
boone,1
results,2
tatars,2
affect,2
shave,2
drink?,2
others,2
talent,2
prior,2
healthier,2
spike,2
comparison,2
e-cigarette,2
condemn,2
autonomy,2
soda,2
goal,2
later-study,2
clarkson,2
looks,2
jim,2
2015,2
1-senegal,2
seniors,2
nicotine,2
congenital,2
announced,2
jama,2
struggle,2
speculation,2
benefits,2
crimea&#39;s,2
unhealthy,2
runners,2
declares,2
investors,2
outperforms,2
novartis&#39;,2
stocktwits,2
liquid,2
achieved,2
milwaukee,2
reversed,2
aircraft,2
less-invasive,2
unsuccessful,2
ahead,2
promising,2
1-medtronic,2
columbia,2
inspires,2
oregon,2
zoo,2
photographed,2
seek,2
replacement,2
?mystery&#39;,2
panhandle,2
faith,2
escapes,2
would,2
positive,2
flying,2
forward,2
&quot;increase&quot;,2
proves,2
medication,2
ny,2
gorilla,2
antlers,3
shared,3
falling,3
inspired,3
danger,3
explained,3
psoriasis,3
prompt,3
ties,3
wasting,3
starbucks,3
habits,3
conakry,3
cause,3
earns,3
cite,3
15,3
pitt-johnstown,3
soldiers,3
overeating,3
chest,3
commission,3
fat-blocking,3
technology,3
suggest,3
heart?,3
european,3
gauging,3
clocks,3
halozyme,3
using,3
affects,3
slams,3
reducing,3
stories,3
volume,3
barista,3
gone,3
recommendation,3
compared,3
students,3
seals,4
10%,4
appears,4
certificate,4
program,4
lowering,4
bests,4
&#39;finger-biting&#39;,4
familiar,4
idera,4
notre,4
wrong,4
sv,4
mabthera,4
welcomes,4
vt.,4
slide,4
pills,4
shown,4
banning,4
roche&#39;s,4
yampa,4
chubby,4
returns,4
vardhan,4
doctors,4
authorities,4
deadlier,4
finding,4
approved,4
skinny,4
hosting,4
europe,4
liberian,4
ill,4
stretches,4
effective,4
who&#39;s,4
cons,4
helped,4
experts,4
open-heart,4
bottles,4
harsh,4
subcutaneous,4
events,4
faces,4
task,4
analysis,4
severe,4
comes,4
latest,4
clinic,4
cavs,4
google,4
trends,4
cleveland,4
confirm,4
pros,4
foe,4
widowed,4
allowing,4
washington,4
valley,4
places,4
dame,4
&#39;birthing,5
puzzles,5
continued,5
foundation,5
summit,5
eating,5
suspect,5
couples,5
numbers,5
men&#39;s,5
advocates,5
serelaxin,5
bat,5
grows,5
sexual,5
africa&#39;s,5
galvanizes,5
recent,5
older,5
&#39;marijuana,5
tells,5
-,5
soar,5
photo,5
matters!,5
hit-and-run,5
offered,5
pat,5
&#39;,5
1-renal,5
big-data,5
style&#39;,5
i,5
kelly,5
reward,5
researchers,5
cherry,5
teenager,5
victims,5
pet,5
alzheimer&#39;s,5
don,5
orders,5
rushed,5
largest,5
infections,5
sale,5
cat-to-human,5
glaxosmithkline&#39;s,6
telling,6
notes,6
pot&#39;s,6
cooking,6
addresses,6
-study,6
speaks,6
darapladib,6
phiii,6
jackson,6
defects,6
value,6
western,6
battles,6
brains,6
bomb,6
release,6
genes,6
cv,6
ban,6
ian,6
consumption,6
department,6
lost,6
works,6
year,6
infected,6
unearthing,6
differences,6
1-survival,6
bengal&#39;s,6
ecowas,7
tv,7
goes,7
celebration,7
impotence,7
cochlear,7
boxing,7
replacing,7
survivor&#39;s,7
&#39;reverse&#39;,7
mcmath&#39;s,7
docs,7
&#39;asleep&#39;,7
gwyneth,7
illegal,7
pulling&#39;,7
relays,7
trend,7
sooner,7
dayton,7
accepting,7
39yo,7
banned,7
regarding,7
1-edwards,7
biogen,7
approval,7
zohydro,7
infect,7
premature,7
against,7
births,7
medicaid,7
shailene,7
swish!,7
preferred,7
recipient,7
snacking,7
denies,7
viral,7
payments,7
dcf,7
contagion,7
breeders,7
&#39;oil,7
implant,7
er,7
long-lasting,7
won&#39;t,8
nail,8
groups,8
you?,8
product,8
glen,8
cutting,8
heroin,8
icd-10,8
gives,8
2-glaxo,8
delay,8
savings,8
jailed,8
drunk,8
salon,8
almost,8
high-risk,8
kids&#39;,8
challenges,8
government,8
poses,8
stenosis,8
tavr,8
skinniness,8
months,8
wasn&#39;t,8
link,8
highest,8
hypertension,8
edwards,8
monday,8
odds,8
arkansas,8
documented,9
accurately,9
pivotal,9
transplant,9
competing,9
pendleton,9
confirmed,9
scientists,9
lowers,9
overdoses,9
cat?,9
games,9
recurrence,10
(exas),10
childhood,10
200,10
local,10
troublingly,10
acquired,10
april,10
maintained,10
describes,10
wants,10
kicks,10
asthma,10
dma,10
vigil,10
inflammation,11
medtronic&#39;s,11
two,11
1-us,11
21,11
ancient,11
ok,11
rheumatism,11
postmenopausal,11
millions,11
66,11
recurring,11
confirms,11
driftwood,11
50,11
reduces,11
achoo!,11
cure,11
shares,12
products,12
diagnosis?,12
infection,12
bucks,12
25,12
4,12
babies,12
psychiatric,12
packages,12
measles,12
diabetes?,12
&#39;it&#39;s,12
suffering,12
loss,12
because,12
mower,13
fighters,13
version,13
climbs,13
plans,13
vicious,13
spreads,13
28,13
weeks,13
bans,13
management,13
system,13
slashes,13
corevalve,13
coconut,13
screening,13
non-invasive,13
ohio,13
reveals,13
at-home,13
boxers,13
orlistat,13
photos,13
hearts,13
alternative,13
revamp,13
bazaar,13
(alli),13
within,13
polio,13
honors,14
adds,14
making,14
miserable?,14
cardinal,14
identified,14
been,14
girl,14
estimate,14
caught,14
antibacterial,14
renal,14
seasonal,14
listerine?,14
hospitalization,14
spectrum,14
responding,14
schiavo,14
parents,14
long-acting,14
prof,14
opioid,14
mass,14
massachusetts,14
departments,14
u,14
intensive,15
installing,15
don&#39;t,15
clouding,15
setback,15
defends,15
might,15
potato!,15
anorexia,15
reacts,15
&#39;unique&#39;,15
catheter,15
euphoria,15
recreational,15
sense?,15
evidence,15
tissue,15
levels,15
emergency,15
2-renal,15
begins,15
fears,15
pranab,15
obesity,16
ovarian,16
kids,16
links,16
dramatically,16
fundraiser,16
doane,16
tuberculosis,16
medicines,16
state,16
puts,16
pill,16
cats,16
reversible,17
trauma,17
suffer,17
humans,17
concern,17
fights,17
vessel,17
spreading,17
raises,17
closing,18
suspended,18
nonsurgical,18
threat&#39;,18
shuts,18
challenge,19
tops,19
hits,19
1-guinea,19
t,19
injury,19
41,19
resynchronization,20
kid,20
outcomes,20
wins,20
alcohol,20
project,20
couch,20
long-term,20
fixing,20
non-surgical,20
being,20
economic,20
intellect,20
helps,21
led,21
impact,21
miserable,21
equally,22
legalizing,22
violent,22
registry,22
weekend,22
global,22
amgen,22
legal,23
issues,23
safer,23
limitation,23
era,23
profile,23
enters,23
according,23
pot,23
due,23
rules,23
polio-free,23
abound,23
ashe,23
data,24
melting,24
milne,24
runner&#39;s,24
boston,24
paths,24
joanne,24
march,24
greatly,24
berth,25
suggests,25
solved,25
clinch,25
heart-breaking,25
taking,25
survivors,25
national,25
afrezza,25
avs,25
playoff,25
honor,26
killer,26
truth,26
year&#39;s,26
&#39;a,26
effectiveness,26
superior,26
transformations,26
those,26
cholesterol-lowering,26
colorado,26
moves,26
preventing,26
regional,27
wednesday,27
texas,27
outbreak,27
raised,27
guinea&#39;s,27
research,28
children&#39;s,28
smoking,28
banish,28
glutten,28
defibrillators,28
backs,28
saving,29
preschool,29
revealed,29
8,29
adulthood,29
high-quality,29
clotting,30
&#39;alprolix&#39;,30
divorced,30
british,30
folks,30
captures,30
advanced,30
rare,30
treat,30
incredible,30
does,31
odd,31
factors,31
70,31
chronic,31
longer,31
reception,32
boost,32
scare,32
forces,32
borders,32
pregnancy;,32
critical,32
342,33
women,33
rises,33
blood-pressure,33
improve,33
recalled,33
stem,33
attacks,33
failure,33
seeks,34
pulling,34
california,34
(3),34
denervation,34
counterparts,34
reduced,34
life?,35
glaxosmithkline,35
fails,35
valves,35
sciences,36
disease,36
toll,36
survival,36
taxpayers,36
deaths,36
worse,36
daylight,37
fewer,37
mma,37
tampa,37
hears,37
turnout,37
video,37
closes,37
...,37
fairgrounds,37
dental,37
weight-loss,37
costs,37
aortic,37
huge,38
alli,38
recalls,38
mediterranean,39
closer,39
sleeping&#39;,40
reverse,40
&#39;still,40
boosts,41
ones,41
individuals,41
marion,42
improving,42
rankings,42
during,42
tb,43
drinking,43
farmers,43
disorder,43
mass.;,43
experimental,43
diagnoses,44
cases,44
drinks,45
non-psychoactive,45
glaxo,45
poised,45
plants,45
cbd,45
aca,46
atlas,46
gene,46
dc,46
comprehensive,46
makes,46
deadly,46
wavers,47
worst,47
states,47
sgr,47
federal,47
flout,47
alprolix,47
influenza,48
no.,48
profit,48
justice,48
biogen&#39;s,48
hampden,49
tennessee,49
industry,49
line,49
sides,49
58th,50
ethics,50
doesn&#39;t,50
allergies,50
questions,50
lincoln,50
pressure,50
middlesex,50
found,51
trial,51
trophy,51
ranks,51
brain,52
higher,52
improvement,52
healthiest,52
bleeding,53
studies,53
virus,53
justina,54
rapid,54
brain-dead,54
reported,55
tampering,55
treatment,55
keeps,56
statins,56
device,57
anorexic,57
failed,59
action,60
--,61
pelletier,61
investigate,61
threats,61
deaf,61
hearing,62
stronger,62
likely,63
cuts,63
valve,63
training,64
dying,64
obese,65
htn-3&#39;s,66
explains,66
2,66
cdc,66
failure?,66
diseases,68
men,69
breakthrough,69
1,69
patients,69
oncology,69
cardiovascular,69
68,69
status,69
changes,70
human,70
saved,71
ymca,71
strangers,71
exposure,71
crime,72
awareness,72
therapy,73
benefit,73
potential,74
risks,74
tough,74
battle,75
continues,75
means,76
gets,76
womb,77
capital,78
surgery,78
changing?,78
more?,79
hiv,79
iowa,80
reconsiders,80
offenders,80
made,81
law,81
rates,81
vortex,81
polar,81
relay,82
inhaled,83
lung,83
marriage,86
oks,87
symplicity,87
senegal,88
cholesterol,92
2010,92
drugs,92
2008,92
concerns,94
varies,96
widely,96
medtronic,97
pot-smoking,98
certifies,98
rate,98
tied,99
patient,99
reports&#39;,100
faxton,100
luke&#39;s,100
st.,100
responds,100
ranking,100
facility,100
medical,102
struggles,103
style,103
mannkind&#39;s,103
diabetes,103
pakistan,103
has,104
dysfunction,106
lifestyle,107
committee,107
problems,107
30,108
addiction,108
update,108
rejects,109
reports,111
india,112
death,112
function,114
limit,115
diet,116
marathon,117
safety,121
percent,121
overweight,122
married,123
allergy,127
mutations,127
season,127
finds,127
legalization,129
insulin,132
2012,132
time,132
treating,134
showing,134
inhaler,138
erectile,138
arrested,143
later,145
mannkind,145
among,148
increases,150
signs,159
unanimously,171
vaccine,174
sciences&#39;,177
dna-based,178
mom,178
novartis,180
recommends,183
breastfeeding,186
released,189
mcmath,189
could,192
approves,194
guinea,194
jahi,198
county,203
consumer,204
says,208
panel,208
colon,211
linked,213
us,222
marijuana,223
underweight,224
flu,240
health,249
shows,267
b,281
cancer,291
ebola,300
hemophilia,302
risk,361
autism,450
drug,604
fda,752
,1483
